Offset      | Gap     | Origin                          | Size    | Uri
00000000h   | 0       | 7ff7c6ea0cd0h : 7ff7c6ea0cddh   | 13      | corefunc/converter/convert16i~convert_g16i
00000020h   | 19      | 7ff7c6ea0cf0h : 7ff7c6ea0cfeh   | 14      | corefunc/converter/convert16i~convert_g16i
00000040h   | 18      | 7ff7c6ea0d10h : 7ff7c6ea0d1dh   | 13      | corefunc/converter/convert16i~convert_g16i
00000060h   | 19      | 7ff7c6ea0d30h : 7ff7c6ea0d3ah   | 10      | corefunc/converter/convert16i~convert_g16i
00000490h   | 1062    | 7ff7c6ea1160h : 7ff7c6ea116ah   | 10      | corefunc/converter/convert16i~convert_g16i
000004b0h   | 22      | 7ff7c6ea1180h : 7ff7c6ea118ah   | 10      | corefunc/converter/convert16i~convert_g16i
000004d0h   | 22      | 7ff7c6ea11a0h : 7ff7c6ea11adh   | 13      | corefunc/converter/convert16i~convert_g16i
000004f0h   | 19      | 7ff7c6ea11c0h : 7ff7c6ea11cdh   | 13      | corefunc/converter/convert16i~convert_g16i
00000510h   | 19      | 7ff7c6ea11e0h : 7ff7c6ea11f2h   | 18      | corefunc/converter/convert16i~convert_g16i
00000650h   | 302     | 7ff7c6ea1320h : 7ff7c6ea1332h   | 18      | corefunc/converter/convert16i~convert_g16i
00000680h   | 30      | 7ff7c6ea1350h : 7ff7c6ea135ch   | 12      | corefunc/converter/convert16u~convert_g16u
000006a0h   | 20      | 7ff7c6ea1370h : 7ff7c6ea137dh   | 13      | corefunc/converter/convert16u~convert_g16u
000006c0h   | 19      | 7ff7c6ea1390h : 7ff7c6ea1399h   | 9       | corefunc/converter/convert16u~convert_g16u
000006e0h   | 23      | 7ff7c6ea13b0h : 7ff7c6ea13bdh   | 13      | corefunc/converter/convert16u~convert_g16u
00000700h   | 19      | 7ff7c6ea13d0h : 7ff7c6ea13d9h   | 9       | corefunc/converter/convert16u~convert_g16u
00000720h   | 23      | 7ff7c6ea13f0h : 7ff7c6ea13f9h   | 9       | corefunc/converter/convert16u~convert_g16u
00000740h   | 23      | 7ff7c6ea1410h : 7ff7c6ea1419h   | 9       | corefunc/converter/convert16u~convert_g16u
00000760h   | 23      | 7ff7c6ea1430h : 7ff7c6ea1439h   | 9       | corefunc/converter/convert16u~convert_g16u
00000780h   | 23      | 7ff7c6ea1450h : 7ff7c6ea1461h   | 17      | corefunc/converter/convert16u~convert_g16u
000007b0h   | 31      | 7ff7c6ea1480h : 7ff7c6ea1491h   | 17      | corefunc/converter/convert16u~convert_g16u
000007e0h   | 31      | 7ff7c6ea14b0h : 7ff7c6ea14c2h   | 18      | corefunc/converter/convert32f~convert_g32f
00000920h   | 302     | 7ff7c6ea15f0h : 7ff7c6ea1602h   | 18      | corefunc/converter/convert32f~convert_g32f
00000950h   | 30      | 7ff7c6ea1620h : 7ff7c6ea1632h   | 18      | corefunc/converter/convert32f~convert_g32f
00000980h   | 30      | 7ff7c6ea1650h : 7ff7c6ea1666h   | 22      | corefunc/converter/convert32f~convert_g32f
000009b0h   | 26      | 7ff7c6ea1680h : 7ff7c6ea168bh   | 11      | corefunc/converter/convert32f~convert_g32f
00000de0h   | 1061    | 7ff7c6ea1ab0h : 7ff7c6ea1abeh   | 14      | corefunc/converter/convert32f~convert_g32f
00000e00h   | 18      | 7ff7c6ea1ad0h : 7ff7c6ea1adbh   | 11      | corefunc/converter/convert32f~convert_g32f
00000e20h   | 21      | 7ff7c6ea1af0h : 7ff7c6ea1affh   | 15      | corefunc/converter/convert32f~convert_g32f
00000e40h   | 17      | 7ff7c6ea1b10h : 7ff7c6ea1b16h   | 6       | corefunc/converter/convert32f~convert_g32f
00000e60h   | 26      | 7ff7c6ea1b30h : 7ff7c6ea1b3ah   | 10      | corefunc/converter/convert32f~convert_g32f
00000e80h   | 22      | 7ff7c6ea1b50h : 7ff7c6ea1b59h   | 9       | corefunc/converter/convert32i~convert_g32i
00000ea0h   | 23      | 7ff7c6ea1b70h : 7ff7c6ea1b7ah   | 10      | corefunc/converter/convert32i~convert_g32i
00000ec0h   | 22      | 7ff7c6ea1b90h : 7ff7c6ea1b99h   | 9       | corefunc/converter/convert32i~convert_g32i
00000ee0h   | 23      | 7ff7c6ea1bb0h : 7ff7c6ea1bbah   | 10      | corefunc/converter/convert32i~convert_g32i
00000f00h   | 22      | 7ff7c6ea1bd0h : 7ff7c6ea1bd8h   | 8       | corefunc/converter/convert32i~convert_g32i
00000f20h   | 24      | 7ff7c6ea1bf0h : 7ff7c6ea1bf8h   | 8       | corefunc/converter/convert32i~convert_g32i
00000f40h   | 24      | 7ff7c6ea1c10h : 7ff7c6ea1c19h   | 9       | corefunc/converter/convert32i~convert_g32i
00000f60h   | 23      | 7ff7c6ea1c30h : 7ff7c6ea1c39h   | 9       | corefunc/converter/convert32i~convert_g32i
00000f80h   | 23      | 7ff7c6ea1c50h : 7ff7c6ea1c5eh   | 14      | corefunc/converter/convert32i~convert_g32i
00000fa0h   | 18      | 7ff7c6ea1c70h : 7ff7c6ea1c7eh   | 14      | corefunc/converter/convert32i~convert_g32i
00000fc0h   | 18      | 7ff7c6ea1c90h : 7ff7c6ea1c99h   | 9       | corefunc/converter/convert32u~convert_g32u
00000fe0h   | 23      | 7ff7c6ea1cb0h : 7ff7c6ea1cbah   | 10      | corefunc/converter/convert32u~convert_g32u
00001000h   | 22      | 7ff7c6ea1cd0h : 7ff7c6ea1cd9h   | 9       | corefunc/converter/convert32u~convert_g32u
00001020h   | 23      | 7ff7c6ea1cf0h : 7ff7c6ea1cfah   | 10      | corefunc/converter/convert32u~convert_g32u
00001040h   | 22      | 7ff7c6ea1d10h : 7ff7c6ea1d18h   | 8       | corefunc/converter/convert32u~convert_g32u
00001060h   | 24      | 7ff7c6ea1d30h : 7ff7c6ea1d38h   | 8       | corefunc/converter/convert32u~convert_g32u
00001080h   | 24      | 7ff7c6ea1d50h : 7ff7c6ea1d58h   | 8       | corefunc/converter/convert32u~convert_g32u
000010a0h   | 24      | 7ff7c6ea1d70h : 7ff7c6ea1d78h   | 8       | corefunc/converter/convert32u~convert_g32u
000010c0h   | 24      | 7ff7c6ea1d90h : 7ff7c6ea1d9eh   | 14      | corefunc/converter/convert32u~convert_g32u
000010e0h   | 18      | 7ff7c6ea1db0h : 7ff7c6ea1dc1h   | 17      | corefunc/converter/convert32u~convert_g32u
00001110h   | 31      | 7ff7c6ea1de0h : 7ff7c6ea1deeh   | 14      | corefunc/converter/convert64f~convert_g64f
00001130h   | 18      | 7ff7c6ea1e00h : 7ff7c6ea1e0eh   | 14      | corefunc/converter/convert64f~convert_g64f
00001150h   | 18      | 7ff7c6ea1e20h : 7ff7c6ea1e2eh   | 14      | corefunc/converter/convert64f~convert_g64f
00001170h   | 18      | 7ff7c6ea1e40h : 7ff7c6ea1e52h   | 18      | corefunc/converter/convert64f~convert_g64f
000011a0h   | 30      | 7ff7c6ea1e70h : 7ff7c6ea1e7bh   | 11      | corefunc/converter/convert64f~convert_g64f
000011c0h   | 21      | 7ff7c6ea1e90h : 7ff7c6ea1e9ah   | 10      | corefunc/converter/convert64f~convert_g64f
000011e0h   | 22      | 7ff7c6ea1eb0h : 7ff7c6ea1ebbh   | 11      | corefunc/converter/convert64f~convert_g64f
00001200h   | 21      | 7ff7c6ea1ed0h : 7ff7c6ea1edbh   | 11      | corefunc/converter/convert64f~convert_g64f
002df7b0h   | 65535   | 7ff7c7180480h : 7ff7c718048ah   | 10      | corefunc/converter/convert64f~convert_g64f
002df7d0h   | 22      | 7ff7c71804a0h : 7ff7c71804a6h   | 6       | corefunc/converter/convert64f~convert_g64f
002df7f0h   | 26      | 7ff7c71804c0h : 7ff7c71804c9h   | 9       | corefunc/converter/convert64i~convert_g64i
002df810h   | 23      | 7ff7c71804e0h : 7ff7c71804eah   | 10      | corefunc/converter/convert64i~convert_g64i
002df830h   | 22      | 7ff7c7180500h : 7ff7c7180509h   | 9       | corefunc/converter/convert64i~convert_g64i
002df850h   | 23      | 7ff7c7180520h : 7ff7c718052ah   | 10      | corefunc/converter/convert64i~convert_g64i
002df870h   | 22      | 7ff7c7180540h : 7ff7c7180548h   | 8       | corefunc/converter/convert64i~convert_g64i
002df890h   | 24      | 7ff7c7180560h : 7ff7c7180568h   | 8       | corefunc/converter/convert64i~convert_g64i
002df8b0h   | 24      | 7ff7c7180580h : 7ff7c7180589h   | 9       | corefunc/converter/convert64i~convert_g64i
002df8d0h   | 23      | 7ff7c71805a0h : 7ff7c71805a9h   | 9       | corefunc/converter/convert64i~convert_g64i
002df8f0h   | 23      | 7ff7c71805c0h : 7ff7c71805cfh   | 15      | corefunc/converter/convert64i~convert_g64i
002df910h   | 17      | 7ff7c71805e0h : 7ff7c71805efh   | 15      | corefunc/converter/convert64i~convert_g64i
002df930h   | 17      | 7ff7c7180600h : 7ff7c7180609h   | 9       | corefunc/converter/convert64u~convert_g64u
002df950h   | 23      | 7ff7c7180620h : 7ff7c718062ah   | 10      | corefunc/converter/convert64u~convert_g64u
002df970h   | 22      | 7ff7c7180640h : 7ff7c7180649h   | 9       | corefunc/converter/convert64u~convert_g64u
002df990h   | 23      | 7ff7c7180660h : 7ff7c718066ah   | 10      | corefunc/converter/convert64u~convert_g64u
002df9b0h   | 22      | 7ff7c7180680h : 7ff7c7180688h   | 8       | corefunc/converter/convert64u~convert_g64u
002df9d0h   | 24      | 7ff7c71806a0h : 7ff7c71806a8h   | 8       | corefunc/converter/convert64u~convert_g64u
002df9f0h   | 24      | 7ff7c71806c0h : 7ff7c71806c9h   | 9       | corefunc/converter/convert64u~convert_g64u
002dfa10h   | 23      | 7ff7c71806e0h : 7ff7c71806e9h   | 9       | corefunc/converter/convert64u~convert_g64u
002dfa30h   | 23      | 7ff7c7180700h : 7ff7c7180720h   | 32      | corefunc/converter/convert64u~convert_g64u
002dfa70h   | 32      | 7ff7c7180740h : 7ff7c718074fh   | 15      | corefunc/converter/convert64u~convert_g64u
002dfa90h   | 17      | 7ff7c7180760h : 7ff7c718076dh   | 13      | corefunc/converter/convert8i~convert_g8i
002dfab0h   | 19      | 7ff7c7180780h : 7ff7c718078ah   | 10      | corefunc/converter/convert8i~convert_g8i
002dfad0h   | 22      | 7ff7c71807a0h : 7ff7c71807adh   | 13      | corefunc/converter/convert8i~convert_g8i
002dff00h   | 1059    | 7ff7c7180bd0h : 7ff7c7180bdah   | 10      | corefunc/converter/convert8i~convert_g8i
002dff20h   | 22      | 7ff7c7180bf0h : 7ff7c7180bfah   | 10      | corefunc/converter/convert8i~convert_g8i
002dff40h   | 22      | 7ff7c7180c10h : 7ff7c7180c1ah   | 10      | corefunc/converter/convert8i~convert_g8i
002dff60h   | 22      | 7ff7c7180c30h : 7ff7c7180c3dh   | 13      | corefunc/converter/convert8i~convert_g8i
002dff80h   | 19      | 7ff7c7180c50h : 7ff7c7180c5dh   | 13      | corefunc/converter/convert8i~convert_g8i
002dffa0h   | 19      | 7ff7c7180c70h : 7ff7c7180c82h   | 18      | corefunc/converter/convert8i~convert_g8i
002dffd0h   | 30      | 7ff7c7180ca0h : 7ff7c7180cb6h   | 22      | corefunc/converter/convert8i~convert_g8i
002e0000h   | 26      | 7ff7c7180cd0h : 7ff7c7180cd9h   | 9       | corefunc/converter/convert8u~convert_g8u
002e0020h   | 23      | 7ff7c7180cf0h : 7ff7c7180cfdh   | 13      | corefunc/converter/convert8u~convert_g8u
002e0040h   | 19      | 7ff7c7180d10h : 7ff7c7180d19h   | 9       | corefunc/converter/convert8u~convert_g8u
002e0060h   | 23      | 7ff7c7180d30h : 7ff7c7180d3dh   | 13      | corefunc/converter/convert8u~convert_g8u
002e0080h   | 19      | 7ff7c7180d50h : 7ff7c7180d59h   | 9       | corefunc/converter/convert8u~convert_g8u
002e00a0h   | 23      | 7ff7c7180d70h : 7ff7c7180d79h   | 9       | corefunc/converter/convert8u~convert_g8u
002e00c0h   | 23      | 7ff7c7180d90h : 7ff7c7180d99h   | 9       | corefunc/converter/convert8u~convert_g8u
002e00e0h   | 23      | 7ff7c7180db0h : 7ff7c7180db9h   | 9       | corefunc/converter/convert8u~convert_g8u
002e0100h   | 23      | 7ff7c7180dd0h : 7ff7c7180de1h   | 17      | corefunc/converter/convert8u~convert_g8u
002e0130h   | 31      | 7ff7c7180e00h : 7ff7c7180e11h   | 17      | corefunc/converter/convert8u~convert_g8u
002e0160h   | 31      | 7ff7c7180e30h : 7ff7c7180e39h   | 9       | corefunc/asin/int8_g8u
002e0180h   | 23      | 7ff7c7180e50h : 7ff7c7180e59h   | 9       | corefunc/asin/int8_g8i
002e01a0h   | 23      | 7ff7c7180e70h : 7ff7c7180e79h   | 9       | corefunc/asin/int8_g16u
002e01c0h   | 23      | 7ff7c7180e90h : 7ff7c7180e99h   | 9       | corefunc/asin/int8_g16i
002e01e0h   | 23      | 7ff7c7180eb0h : 7ff7c7180eb9h   | 9       | corefunc/asin/int8_g32u
002e0200h   | 23      | 7ff7c7180ed0h : 7ff7c7180ed9h   | 9       | corefunc/asin/int8_g32i
002e0220h   | 23      | 7ff7c7180ef0h : 7ff7c7180ef9h   | 9       | corefunc/asin/int8_g64u
002e0240h   | 23      | 7ff7c7180f10h : 7ff7c7180f19h   | 9       | corefunc/asin/int8_g64i
002e0260h   | 23      | 7ff7c7180f30h : 7ff7c7180f39h   | 9       | corefunc/asin/int8_g32f
002e0280h   | 23      | 7ff7c7180f50h : 7ff7c7180f59h   | 9       | corefunc/asin/int8_g64f
002e06b0h   | 1063    | 7ff7c7181380h : 7ff7c7181389h   | 9       | corefunc/asin/uint8_g8u
002e06d0h   | 23      | 7ff7c71813a0h : 7ff7c71813a9h   | 9       | corefunc/asin/uint8_g8i
002e06f0h   | 23      | 7ff7c71813c0h : 7ff7c71813c9h   | 9       | corefunc/asin/uint8_g16u
002e0710h   | 23      | 7ff7c71813e0h : 7ff7c71813e9h   | 9       | corefunc/asin/uint8_g16i
002e0730h   | 23      | 7ff7c7181400h : 7ff7c7181409h   | 9       | corefunc/asin/uint8_g32u
002e0750h   | 23      | 7ff7c7181420h : 7ff7c7181429h   | 9       | corefunc/asin/uint8_g32i
002e0770h   | 23      | 7ff7c7181440h : 7ff7c7181449h   | 9       | corefunc/asin/uint8_g64u
002e0790h   | 23      | 7ff7c7181460h : 7ff7c7181469h   | 9       | corefunc/asin/uint8_g64i
002e07b0h   | 23      | 7ff7c7181480h : 7ff7c7181489h   | 9       | corefunc/asin/uint8_g32f
002e07d0h   | 23      | 7ff7c71814a0h : 7ff7c71814a9h   | 9       | corefunc/asin/uint8_g64f
002e07f0h   | 23      | 7ff7c71814c0h : 7ff7c71814c9h   | 9       | corefunc/asin/int16_g8u
002e0810h   | 23      | 7ff7c71814e0h : 7ff7c71814e9h   | 9       | corefunc/asin/int16_g8i
002e0830h   | 23      | 7ff7c7181500h : 7ff7c7181509h   | 9       | corefunc/asin/int16_g16u
002e0850h   | 23      | 7ff7c7181520h : 7ff7c7181529h   | 9       | corefunc/asin/int16_g16i
002e0870h   | 23      | 7ff7c7181540h : 7ff7c7181549h   | 9       | corefunc/asin/int16_g32u
002e0890h   | 23      | 7ff7c7181560h : 7ff7c7181569h   | 9       | corefunc/asin/int16_g32i
002e08b0h   | 23      | 7ff7c7181580h : 7ff7c7181589h   | 9       | corefunc/asin/int16_g64u
002e08d0h   | 23      | 7ff7c71815a0h : 7ff7c71815a9h   | 9       | corefunc/asin/int16_g64i
002e08f0h   | 23      | 7ff7c71815c0h : 7ff7c71815c9h   | 9       | corefunc/asin/int16_g32f
002e0910h   | 23      | 7ff7c71815e0h : 7ff7c71815e9h   | 9       | corefunc/asin/int16_g64f
002e0930h   | 23      | 7ff7c7181600h : 7ff7c7181609h   | 9       | corefunc/asin/uint16_g8u
002e0950h   | 23      | 7ff7c7181620h : 7ff7c7181629h   | 9       | corefunc/asin/uint16_g8i
002e0970h   | 23      | 7ff7c7181640h : 7ff7c7181649h   | 9       | corefunc/asin/uint16_g16u
002e0990h   | 23      | 7ff7c7181660h : 7ff7c7181669h   | 9       | corefunc/asin/uint16_g16i
002e09b0h   | 23      | 7ff7c7181680h : 7ff7c7181689h   | 9       | corefunc/asin/uint16_g32u
002e09d0h   | 23      | 7ff7c71816a0h : 7ff7c71816a9h   | 9       | corefunc/asin/uint16_g32i
002e09f0h   | 23      | 7ff7c71816c0h : 7ff7c71816c9h   | 9       | corefunc/asin/uint16_g64u
002e0a10h   | 23      | 7ff7c71816e0h : 7ff7c71816e9h   | 9       | corefunc/asin/uint16_g64i
002e0a30h   | 23      | 7ff7c7181700h : 7ff7c7181709h   | 9       | corefunc/asin/uint16_g32f
002e0a50h   | 23      | 7ff7c7181720h : 7ff7c7181729h   | 9       | corefunc/asin/uint16_g64f
002e0a70h   | 23      | 7ff7c7181740h : 7ff7c7181749h   | 9       | corefunc/asin/int32_g8u
002e0a90h   | 23      | 7ff7c7181760h : 7ff7c7181769h   | 9       | corefunc/asin/int32_g8i
002e0ab0h   | 23      | 7ff7c7181780h : 7ff7c7181789h   | 9       | corefunc/asin/int32_g16u
002e0ad0h   | 23      | 7ff7c71817a0h : 7ff7c71817a9h   | 9       | corefunc/asin/int32_g16i
002e0af0h   | 23      | 7ff7c71817c0h : 7ff7c71817c9h   | 9       | corefunc/asin/int32_g32u
002e0b10h   | 23      | 7ff7c71817e0h : 7ff7c71817e9h   | 9       | corefunc/asin/int32_g32i
002e0b30h   | 23      | 7ff7c7181800h : 7ff7c7181809h   | 9       | corefunc/asin/int32_g64u
002e0b50h   | 23      | 7ff7c7181820h : 7ff7c7181829h   | 9       | corefunc/asin/int32_g64i
002e0b70h   | 23      | 7ff7c7181840h : 7ff7c7181849h   | 9       | corefunc/asin/int32_g32f
002e0b90h   | 23      | 7ff7c7181860h : 7ff7c7181869h   | 9       | corefunc/asin/int32_g64f
002e0fc0h   | 1063    | 7ff7c7181c90h : 7ff7c7181c99h   | 9       | corefunc/asin/uint32_g8u
002e0fe0h   | 23      | 7ff7c7181cb0h : 7ff7c7181cb9h   | 9       | corefunc/asin/uint32_g8i
002e1000h   | 23      | 7ff7c7181cd0h : 7ff7c7181cd9h   | 9       | corefunc/asin/uint32_g16u
002e1020h   | 23      | 7ff7c7181cf0h : 7ff7c7181cf9h   | 9       | corefunc/asin/uint32_g16i
002e1040h   | 23      | 7ff7c7181d10h : 7ff7c7181d19h   | 9       | corefunc/asin/uint32_g32u
002e1060h   | 23      | 7ff7c7181d30h : 7ff7c7181d39h   | 9       | corefunc/asin/uint32_g32i
002e1080h   | 23      | 7ff7c7181d50h : 7ff7c7181d59h   | 9       | corefunc/asin/uint32_g64u
002e10a0h   | 23      | 7ff7c7181d70h : 7ff7c7181d79h   | 9       | corefunc/asin/uint32_g64i
002e10c0h   | 23      | 7ff7c7181d90h : 7ff7c7181d99h   | 9       | corefunc/asin/uint32_g32f
002e10e0h   | 23      | 7ff7c7181db0h : 7ff7c7181db9h   | 9       | corefunc/asin/uint32_g64f
002e1100h   | 23      | 7ff7c7181dd0h : 7ff7c7181dd9h   | 9       | corefunc/asin/int64_g8u
002e1120h   | 23      | 7ff7c7181df0h : 7ff7c7181df9h   | 9       | corefunc/asin/int64_g8i
002e1140h   | 23      | 7ff7c7181e10h : 7ff7c7181e19h   | 9       | corefunc/asin/int64_g16u
002e1160h   | 23      | 7ff7c7181e30h : 7ff7c7181e39h   | 9       | corefunc/asin/int64_g16i
002e1180h   | 23      | 7ff7c7181e50h : 7ff7c7181e59h   | 9       | corefunc/asin/int64_g32u
002e11a0h   | 23      | 7ff7c7181e70h : 7ff7c7181e79h   | 9       | corefunc/asin/int64_g32i
002e11c0h   | 23      | 7ff7c7181e90h : 7ff7c7181e99h   | 9       | corefunc/asin/int64_g64u
002e11e0h   | 23      | 7ff7c7181eb0h : 7ff7c7181eb9h   | 9       | corefunc/asin/int64_g64i
002e1200h   | 23      | 7ff7c7181ed0h : 7ff7c7181ed9h   | 9       | corefunc/asin/int64_g32f
002e1220h   | 23      | 7ff7c7181ef0h : 7ff7c7181ef9h   | 9       | corefunc/asin/int64_g64f
002e1240h   | 23      | 7ff7c7181f10h : 7ff7c7181f19h   | 9       | corefunc/asin/uint64_g8u
002e1260h   | 23      | 7ff7c7181f30h : 7ff7c7181f39h   | 9       | corefunc/asin/uint64_g8i
002e1280h   | 23      | 7ff7c7181f50h : 7ff7c7181f59h   | 9       | corefunc/asin/uint64_g16u
002e12a0h   | 23      | 7ff7c7181f70h : 7ff7c7181f79h   | 9       | corefunc/asin/uint64_g16i
002e12c0h   | 23      | 7ff7c7181f90h : 7ff7c7181f99h   | 9       | corefunc/asin/uint64_g32u
002e12e0h   | 23      | 7ff7c7181fb0h : 7ff7c7181fb9h   | 9       | corefunc/asin/uint64_g32i
002e1300h   | 23      | 7ff7c7181fd0h : 7ff7c7181fd9h   | 9       | corefunc/asin/uint64_g64u
002e1320h   | 23      | 7ff7c7181ff0h : 7ff7c7181ff9h   | 9       | corefunc/asin/uint64_g64i
002e1340h   | 23      | 7ff7c7182010h : 7ff7c7182019h   | 9       | corefunc/asin/uint64_g32f
002e1360h   | 23      | 7ff7c7182030h : 7ff7c7182039h   | 9       | corefunc/asin/uint64_g64f
002e1380h   | 23      | 7ff7c7182050h : 7ff7c7182059h   | 9       | corefunc/asin/float32_g8u
002e13a0h   | 23      | 7ff7c7182070h : 7ff7c7182079h   | 9       | corefunc/asin/float32_g8i
002e13c0h   | 23      | 7ff7c7182090h : 7ff7c7182099h   | 9       | corefunc/asin/float32_g16u
002e13e0h   | 23      | 7ff7c71820b0h : 7ff7c71820b9h   | 9       | corefunc/asin/float32_g16i
002e1400h   | 23      | 7ff7c71820d0h : 7ff7c71820d9h   | 9       | corefunc/asin/float32_g32u
002e1420h   | 23      | 7ff7c71820f0h : 7ff7c71820f9h   | 9       | corefunc/asin/float32_g32i
002e1850h   | 1063    | 7ff7c7182520h : 7ff7c7182529h   | 9       | corefunc/asin/float32_g64u
002e1870h   | 23      | 7ff7c7182540h : 7ff7c7182549h   | 9       | corefunc/asin/float32_g64i
002e1890h   | 23      | 7ff7c7182560h : 7ff7c7182569h   | 9       | corefunc/asin/float32_g32f
002e18b0h   | 23      | 7ff7c7182580h : 7ff7c7182589h   | 9       | corefunc/asin/float32_g64f
002e18d0h   | 23      | 7ff7c71825a0h : 7ff7c71825a9h   | 9       | corefunc/asin/float64_g8u
002e18f0h   | 23      | 7ff7c71825c0h : 7ff7c71825c9h   | 9       | corefunc/asin/float64_g8i
002e1910h   | 23      | 7ff7c71825e0h : 7ff7c71825e9h   | 9       | corefunc/asin/float64_g16u
002e1930h   | 23      | 7ff7c7182600h : 7ff7c7182609h   | 9       | corefunc/asin/float64_g16i
002e1950h   | 23      | 7ff7c7182620h : 7ff7c7182629h   | 9       | corefunc/asin/float64_g32u
002e1970h   | 23      | 7ff7c7182640h : 7ff7c7182649h   | 9       | corefunc/asin/float64_g32i
002e1990h   | 23      | 7ff7c7182660h : 7ff7c7182669h   | 9       | corefunc/asin/float64_g64u
002e19b0h   | 23      | 7ff7c7182680h : 7ff7c7182689h   | 9       | corefunc/asin/float64_g64i
002e19d0h   | 23      | 7ff7c71826a0h : 7ff7c71826a9h   | 9       | corefunc/asin/float64_g32f
002e19f0h   | 23      | 7ff7c71826c0h : 7ff7c71826c9h   | 9       | corefunc/asin/float64_g64f
002e1a10h   | 23      | 7ff7c71826e0h : 7ff7c71826e9h   | 9       | corefunc/as/vgeneric__128x8i
002e1a30h   | 23      | 7ff7c7182700h : 7ff7c7182709h   | 9       | corefunc/as/vgeneric_g128x8i
002e1a50h   | 23      | 7ff7c7182720h : 7ff7c7182729h   | 9       | corefunc/as/vgeneric__128x8i
002e1a70h   | 23      | 7ff7c7182740h : 7ff7c7182749h   | 9       | corefunc/as/vgeneric__128x8i
002e1a90h   | 23      | 7ff7c7182760h : 7ff7c7182769h   | 9       | corefunc/as/vgeneric__128x8i
002e1ab0h   | 23      | 7ff7c7182780h : 7ff7c7182789h   | 9       | corefunc/as/vgeneric__128x8i
002e1ad0h   | 23      | 7ff7c71827a0h : 7ff7c71827a9h   | 9       | corefunc/as/vgeneric__128x8i
002e1af0h   | 23      | 7ff7c71827c0h : 7ff7c71827c9h   | 9       | corefunc/as/vgeneric__128x8i
002e1b10h   | 23      | 7ff7c71827e0h : 7ff7c71827e9h   | 9       | corefunc/as/vgeneric__128x8i
002e1b30h   | 23      | 7ff7c7182800h : 7ff7c7182809h   | 9       | corefunc/as/vgeneric__128x8i
002e1b50h   | 23      | 7ff7c7182820h : 7ff7c7182829h   | 9       | corefunc/as/vgeneric_g128x8u
002e1b70h   | 23      | 7ff7c7182840h : 7ff7c7182849h   | 9       | corefunc/as/vgeneric__128x8u
002e1b90h   | 23      | 7ff7c7182860h : 7ff7c7182869h   | 9       | corefunc/as/vgeneric__128x8u
002e1bb0h   | 23      | 7ff7c7182880h : 7ff7c7182889h   | 9       | corefunc/as/vgeneric__128x8u
002e1bd0h   | 23      | 7ff7c71828a0h : 7ff7c71828a9h   | 9       | corefunc/as/vgeneric__128x8u
002e1bf0h   | 23      | 7ff7c71828c0h : 7ff7c71828c9h   | 9       | corefunc/as/vgeneric__128x8u
002e1c10h   | 23      | 7ff7c71828e0h : 7ff7c71828e9h   | 9       | corefunc/as/vgeneric__128x8u
002e1c30h   | 23      | 7ff7c7182900h : 7ff7c7182909h   | 9       | corefunc/as/vgeneric__128x8u
002e1c50h   | 23      | 7ff7c7182920h : 7ff7c7182929h   | 9       | corefunc/as/vgeneric__128x8u
002e1c70h   | 23      | 7ff7c7182940h : 7ff7c7182949h   | 9       | corefunc/as/vgeneric__128x8u
